Date,month,NestID,ClutchSize,TQ,GS,RW,Territory,Year,Pair,InitDateEst,female,mean,delta
17-Dec-08,6,322,2,12,4,76.5,11,2008,22,18-Dec-08,1,141.66,-65.16
18-Feb-09,8,350,4,12,5,487.4,11,2008,22,18-Feb-09,1,141.66,345.74
30-Mar-09,9,394,2,12,5,68.8,11,2008,22,30-Mar-09,1,141.66,-72.86
16-Nov-09,5,427,3,12,6,64.6,11,2009,22,16-Nov-09,1,141.66,-77.06
2-Jan-06,7,75,3,12,3,202.21,11,2005,121,16-Jan-06,1,141.66,60.55
12-Aug-06,2,96,1,12,5,0,11,2006,121,15-Aug-06,1,141.66,-141.66
5-Sep-07,3,146,2,12,4,0,11,2007,121,6-Sep-07,1,141.66,-141.66
28-Dec-07,6,198,3,12,6,201.3,11,2007,121,30-Dec-07,1,141.66,59.64
22-Jan-08,7,216,3,12,6,174.2,11,2007,121,25-Jan-08,1,141.66,32.54
23-Apr-06,10,22,3,15,2,41.5,2,2005,152,24-Apr-06,2,41.5,0
25-Mar-06,10,88,2,8,2,76.1,29,2005,141,8-Apr-06,3,149.7,-73.6
7-Apr-07,10,112,3,8,4,290.8,29,2006,141,8-Apr-07,3,149.7,141.1
14-Apr-08,10,296,3,8,4,82.2,29,2007,141,15-Apr-08,3,149.7,-67.5
18-Mar-06,9,3,1,10,3,198.4,4,2005,78,25-Mar-06,4,119.95,78.45
21-Apr-06,10,21,1,10,3,41.5,4,2005,78,23-Apr-06,4,119.95,-78.45
24-Apr-06,10,19,3,6,2,38.1,35,2005,41,25-Apr-06,5,113,-74.9
26-Jan-07,7,162,3,6,3,136,35,2006,41,26-Jan-07,5,113,23
8-Feb-07,8,100,3,6,3,152,35,2006,41,9-Feb-07,5,113,39
17-Apr-07,10,109,1,6,3,268.3,35,2006,41,17-Apr-07,5,113,155.3
12-May-07,11,123,2,6,3,0,35,2006,41,13-May-07,5,113,-113
6-Mar-08,9,248,3,6,3,256.5,35,2007,125,6-Mar-08,5,113,143.5
7-Apr-08,10,284,1,6,3,86.8,35,2007,125,7-Apr-08,5,113,-26.2
16-Apr-08,10,292,3,6,3,82.2,35,2007,125,16-Apr-08,5,113,-30.8
23-Mar-09,9,379,3,6,2,110.1,35,2008,137,23-Mar-09,5,113,-2.9
23-Aug-07,2,138,3,6,2,0,35,2007,162,29-Aug-07,5,113,-113
30-Apr-06,11,14,3,2,2,19.6,33,2005,124,1-May-06,6,136.36,-116.76
6-Sep-06,3,42,3,2,5,0,33,2006,124,6-Sep-06,6,136.36,-136.36
28-Dec-06,6,73,3,2,3,144.4,33,2006,124,28-Dec-06,6,136.36,8.04
13-Feb-07,8,176,3,2,3,133,33,2006,124,13-Feb-07,6,136.36,-3.36
4-Mar-07,9,101,3,2,3,35.6,33,2006,124,4-Mar-07,6,136.36,-100.76
6-Apr-07,10,104,3,2,3,291.8,33,2006,124,6-Apr-07,6,136.36,155.44
2-Mar-08,9,245,4,2,3,329,33,2007,124,2-Mar-08,6,136.36,192.64
18-Feb-09,8,359,2,2,2,383.9,33,2008,127,24-Feb-09,6,136.36,247.54
14-Mar-09,9,371,4,2,2,154.4,33,2008,127,14-Mar-09,6,136.36,18.04
12-Apr-09,10,393,3,2,2,7.4,33,2008,127,12-Apr-09,6,136.36,-128.96
30-Apr-09,10,399,3,2,2,0.6,33,2008,127,30-Apr-09,6,136.36,-135.76
23-Feb-06,8,81,2,14,2,89,10,2005,89,26-Feb-06,7,114.98,-25.98
18-Apr-06,10,1,3,14,6,41.5,10,2005,89,18-Apr-06,7,114.98,-73.48
9-May-06,11,15,3,14,4,20.8,10,2005,89,9-May-06,7,114.98,-94.18
24-Aug-06,2,35,3,14,3,0,10,2006,89,24-Aug-06,7,114.98,-114.98
21-Oct-06,4,63,3,14,3,13.3,10,2006,89,21-Oct-06,7,114.98,-101.68
15-Nov-06,5,68,1,14,3,88.6,10,2006,89,15-Nov-06,7,114.98,-26.38
29-Jan-07,7,187,3,14,3,136,10,2006,89,30-Jan-07,7,114.98,21.02
12-Apr-07,10,108,3,14,2,284.1,10,2006,89,13-Apr-07,7,114.98,169.12
28-Dec-07,6,175,3,14,3,204.1,10,2007,89,28-Dec-07,7,114.98,89.12
17-Feb-08,8,222,4,14,3,272.4,10,2007,89,17-Feb-08,7,114.98,157.42
30-Apr-06,11,18,2,7,2,21,23,2005,117,3-May-06,8,21,0
29-Dec-07,6,169,3,13,2,204.1,14,2007,36,29-Dec-07,9,136.3,67.8
26-Feb-08,8,238,4,13,2,332.7,14,2007,36,26-Feb-08,9,136.3,196.4
16-Feb-06,8,79,1,13,2,89,14,2005,107,26-Feb-06,9,136.3,-47.3
28-Apr-06,10,89,2,13,5,21.3,14,2005,107,30-Apr-06,9,136.3,-115
26-Oct-06,4,71,3,13,3,34.4,14,2006,107,27-Oct-06,9,136.3,-101.9
29-Apr-06,10,11,3,13,3,21.3,13,2005,119,30-Apr-06,10,10.65,10.65
22-Aug-06,2,97,1,13,3,0,13,2006,119,25-Aug-06,10,10.65,-10.65
26-Feb-08,8,237,4,4,2,332.7,16,2007,2,26-Feb-08,11,178.96,153.74
11-Mar-08,9,257,3,4,2,93,16,2007,2,11-Mar-08,11,178.96,-85.96
6-Feb-06,8,12,3,4,3,323.5,16,2005,100,9-Feb-06,11,178.96,144.54
13-May-06,11,28,3,4,5,1.4,16,2005,100,14-May-06,11,178.96,-177.56
7-Oct-06,4,50,1,4,5,0.1,16,2006,100,7-Oct-06,11,178.96,-178.86
24-Oct-06,4,62,2,4,5,13.3,16,2006,100,24-Oct-06,11,178.96,-165.66
22-Jan-07,7,167,4,4,5,175.4,16,2006,100,23-Jan-07,11,178.96,-3.56
12-Jan-09,7,327,3,15,2,204,25,2008,168,12-Jan-09,11,178.96,25.04
8-Feb-09,8,338,3,15,2,466,25,2008,168,10-Feb-09,11,178.96,287.04
8-Mar-09,9,378,3,15,2,180.2,25,2008,168,8-Mar-09,11,178.96,1.24
7-Jun-06,12,32,2,11,2,0,26,2005,42,8-Jun-06,12,92.01,-92.01
3-Aug-06,2,41,3,11,2,0.6,26,2006,74,5-Aug-06,12,92.01,-91.41
24-Oct-06,4,70,3,11,2,13.3,26,2006,74,25-Oct-06,12,92.01,-78.71
14-Feb-07,8,102,3,11,2,27.8,26,2006,74,15-Feb-07,12,92.01,-64.21
3-Sep-07,3,147,3,11,2,0,26,2007,74,4-Sep-07,12,92.01,-92.01
30-Dec-07,6,166,3,11,3,201.3,26,2007,74,30-Dec-07,12,92.01,109.29
21-Jan-08,7,203,3,11,3,241.4,26,2007,74,21-Jan-08,12,92.01,149.39
3-Mar-08,9,242,4,11,3,293.4,26,2007,74,3-Mar-08,12,92.01,201.39
19-Mar-08,9,270,3,11,3,100,26,2007,74,20-Mar-08,12,92.01,7.99
12-Mar-09,9,366,4,11,2,154.4,26,2008,79,12-Mar-09,12,92.01,62.39
16-Nov-09,5,426,3,11,3,64.6,26,2009,79,16-Nov-09,12,92.01,-27.41
8-Feb-10,8,453,3,11,3,154.2,26,2009,79,8-Feb-10,12,92.01,62.19
29-Jul-10,1,496,3,11,6,36.55,26,2010,79,30-Jul-10,12,92.01,-55.46
29-Aug-10,2,514,2,11,6,0.55,26,2010,79,30-Aug-10,12,92.01,-91.46
1-Apr-06,10,9,4,13,3,124.1,12,2005,154,2-Apr-06,13,131.01,-6.91
29-Aug-06,2,45,3,13,5,0,12,2006,154,30-Aug-06,13,131.01,-131.01
23-Jan-07,7,185,3,13,7,161.2,12,2006,154,24-Jan-07,13,131.01,30.19
25-Nov-07,5,155,3,13,5,6.6,12,2007,154,25-Nov-07,13,131.01,-124.41
28-Dec-07,6,171,4,13,5,204.1,12,2007,154,28-Dec-07,13,131.01,73.09
19-Feb-08,8,230,3,13,3,290.4,12,2007,154,19-Feb-08,13,131.01,159.39
2-Jan-06,7,76,4,15,2,202.21,8,2005,157,16-Jan-06,14,116.23,85.98
10-Sep-06,3,51,3,15,3,0,8,2006,157,11-Sep-06,14,116.23,-116.23
2-Feb-07,8,172,3,15,5,143.9,8,2006,157,2-Feb-07,14,116.23,27.67
8-Sep-07,3,142,3,15,4,0,8,2007,157,8-Sep-07,14,116.23,-116.23
23-Dec-07,6,201,1,15,4,201.3,8,2007,157,31-Dec-07,14,116.23,85.07
22-Jan-08,7,206,4,15,4,169.1,8,2007,157,22-Jan-08,14,116.23,52.87
16-Mar-08,9,263,3,15,4,97.1,8,2007,157,16-Mar-08,14,116.23,-19.13
2-Apr-07,10,113,3,5,2,290.8,30,2006,15,8-Apr-07,15,290.8,0
17-Jun-06,1,99,1,6,2,0,43,2006,43,1-Jul-06,16,56.18,-56.18
16-Apr-07,10,110,3,6,3,280.9,43,2006,43,16-Apr-07,16,56.18,224.72
3-Jun-07,12,194,1,6,2,30.4,43,2006,43,6-Jun-07,16,56.18,-25.78
29-Apr-08,11,303,3,6,3,0,43,2007,43,2-May-08,16,56.18,-56.18
26-Jun-08,1,317,2,6,3,25.8,43,2008,43,3-Jul-08,16,56.18,-30.38
2-Jun-06,12,30,3,6,2,0,43,2005,147,8-Jun-06,16,56.18,-56.18
25-Feb-06,8,82,2,6,2,140.6,6,2005,163,28-Feb-06,17,50.82,89.78
3-Aug-06,2,33,3,6,4,0.6,6,2006,163,4-Aug-06,17,50.82,-50.22
27-Sep-06,3,47,3,6,4,0.1,6,2006,163,27-Sep-06,17,50.82,-50.72
4-Nov-06,5,58,1,6,4,82.4,6,2006,163,5-Nov-06,17,50.82,31.58
26-May-07,11,120,2,6,4,30.4,6,2006,163,27-May-07,17,50.82,-20.42
5-May-06,11,13,2,12,2,21,1,2005,33,5-May-06,18,150.66,-129.66
19-Feb-09,8,342,1,17,2,458.9,15,2008,51,19-Feb-09,18,150.66,308.24
4-Mar-09,9,351,4,17,2,260.4,15,2008,51,4-Mar-09,18,150.66,109.74
19-Aug-09,2,410,3,17,3,0,15,2009,51,19-Aug-09,18,150.66,-150.66
7-Feb-10,8,447,3,17,4,154.2,15,2009,51,7-Feb-10,18,150.66,3.54
2-Jul-10,1,469,3,17,4,0,15,2010,51,2-Jul-10,18,150.66,-150.66
31-Jul-10,2,492,3,17,4,36.55,15,2010,51,1-Aug-10,18,150.66,-114.11
3-Nov-10,5,524,3,17,7,121.1,15,2010,51,3-Nov-10,18,150.66,-29.56
10-Sep-06,3,43,2,15,4,0,2,2006,153,11-Sep-06,18,150.66,-150.66
15-Sep-07,3,145,2,15,2,0,2,2007,153,16-Sep-07,18,150.66,-150.66
27-Dec-07,6,195,4,15,2,204.1,2,2007,153,28-Dec-07,18,150.66,53.44
18-Jan-08,7,204,2,15,2,306,2,2007,153,19-Jan-08,18,150.66,155.34
11-Feb-08,8,223,2,15,2,314.5,2,2007,153,12-Feb-08,18,150.66,163.84
22-Feb-08,8,262,3,15,2,296.8,2,2007,153,23-Feb-08,18,150.66,146.14
8-Apr-08,10,293,3,15,2,86.3,2,2007,153,9-Apr-08,18,150.66,-64.36
18-Mar-06,9,2,2,15,2,219.4,3,2005,32,20-Mar-06,19,107.51,111.89
2-Aug-06,2,34,3,15,2,0.6,3,2006,32,3-Aug-06,19,107.51,-106.91
13-Nov-06,5,69,3,15,5,86.4,3,2006,32,13-Nov-06,19,107.51,-21.11
10-Feb-07,8,191,2,15,4,154.8,3,2006,32,11-Feb-07,19,107.51,47.29
11-Aug-07,2,132,2,15,4,0,3,2007,57,11-Aug-07,19,107.51,-107.51
2-Sep-07,3,141,2,15,4,0,3,2007,57,6-Sep-07,19,107.51,-107.51
7-Oct-07,4,151,2,15,3,0,3,2007,57,8-Oct-07,19,107.51,-107.51
28-Dec-07,6,173,3,15,3,204.1,3,2007,57,28-Dec-07,19,107.51,96.59
19-Jan-08,7,205,3,15,3,306,3,2007,57,19-Jan-08,19,107.51,198.49
20-Mar-08,9,276,3,15,3,103.8,3,2007,57,21-Mar-08,19,107.51,-3.71
17-Feb-09,8,334,4,13,2,497.5,14,2008,61,17-Feb-09,20,110.2,387.3
28-Mar-09,9,381,3,13,2,80.3,14,2008,61,28-Mar-09,20,110.2,-29.9
10-Aug-10,2,498,3,11,3,0.15,17,2010,111,11-Aug-10,20,110.2,-110.05
21-Mar-06,9,4,1,8,2,201.8,5,2005,112,27-Mar-06,20,110.2,91.6
28-May-06,11,25,3,8,2,1.4,5,2005,112,28-May-06,20,110.2,-108.8
14-Jun-06,12,92,1,8,2,0,5,2005,112,17-Jun-06,20,110.2,-110.2
3-Sep-06,3,49,2,8,3,0,5,2006,112,4-Sep-06,20,110.2,-110.2
13-Oct-06,4,52,1,8,3,0,5,2006,112,13-Oct-06,20,110.2,-110.2
31-Oct-06,4,59,3,8,2,80.5,5,2006,112,31-Oct-06,20,110.2,-29.7
4-Apr-07,10,116,3,8,2,291.8,5,2006,112,5-Apr-07,20,110.2,181.6
17-May-07,11,118,2,8,2,0,5,2006,112,17-May-07,20,110.2,-110.2
19-Feb-08,8,240,4,8,2,290.9,5,2007,123,21-Feb-08,20,110.2,180.7
4-Apr-08,10,277,1,8,2,90.8,5,2007,123,4-Apr-08,20,110.2,-19.4
2-Sep-08,3,304,2,8,2,7.6,5,2008,123,3-Sep-08,20,110.2,-102.6
18-Apr-06,10,24,2,9,2,41.5,31,2005,160,19-Apr-06,21,41.5,0
9-Feb-06,8,80,4,5,2,235.8,34,2005,1,23-Feb-06,22,149.68,86.12
15-Jul-06,1,93,1,5,8,0.6,34,2006,1,18-Jul-06,22,149.68,-149.08
22-Nov-06,5,72,3,5,8,95.3,34,2006,1,23-Nov-06,22,149.68,-54.38
4-Feb-07,8,180,4,5,8,143.9,34,2006,1,5-Feb-07,22,149.68,-5.78
26-Sep-07,3,144,3,5,10,0,34,2007,1,26-Sep-07,22,149.68,-149.68
15-Feb-08,8,225,4,5,6,270.9,34,2007,1,15-Feb-08,22,149.68,121.22
25-Feb-08,9,253,2,5,7,329,34,2007,1,1-Mar-08,22,149.68,179.32
22-Mar-08,9,265,2,5,7,103.8,34,2007,1,22-Mar-08,22,149.68,-45.88
31-Mar-08,10,285,3,5,7,90.8,34,2007,1,1-Apr-08,22,149.68,-58.88
4-Jan-09,7,328,4,5,5,222,34,2008,66,9-Jan-09,22,149.68,72.32
11-Mar-09,9,369,3,5,5,154.4,34,2008,66,12-Mar-09,22,149.68,4.72
6-Feb-06,9,84,2,2,2,174.4,37,2005,14,8-Mar-06,23,63.12,111.28
14-Aug-06,2,37,3,2,4,0,37,2006,14,15-Aug-06,23,63.12,-63.12
21-Oct-06,4,64,3,2,4,51.5,37,2006,14,28-Oct-06,23,63.12,-11.62
23-Mar-07,9,103,2,2,3,99.4,37,2006,14,23-Mar-07,23,63.12,36.28
5-Apr-07,10,105,2,2,3,291.8,37,2006,14,5-Apr-07,23,63.12,228.68
13-May-07,11,119,2,2,3,0,37,2006,14,13-May-07,23,63.12,-63.12
4-Jun-07,12,122,3,2,3,30.4,37,2006,14,4-Jun-07,23,63.12,-32.72
7-Jul-07,1,126,3,2,3,63.2,37,2007,14,8-Jul-07,23,63.12,0.08
11-Mar-08,9,267,3,2,3,93,37,2007,14,14-Mar-08,23,63.12,29.88
4-Apr-08,10,282,3,2,3,90.8,37,2007,14,4-Apr-08,23,63.12,27.68
9-Mar-09,9,357,2,2,2,177.6,37,2008,23,9-Mar-09,23,63.12,114.48
7-Apr-09,10,395,3,2,2,7.4,37,2008,23,7-Apr-09,23,63.12,-55.72
5-Jul-09,1,404,2,2,2,0,37,2009,23,8-Jul-09,23,63.12,-63.12
28-Jul-09,1,405,1,2,2,0,37,2009,23,29-Jul-09,23,63.12,-63.12
13-Aug-09,2,409,2,2,2,0,37,2009,23,13-Aug-09,23,63.12,-63.12
25-Aug-09,2,422,1,2,2,0,37,2009,23,27-Aug-09,23,63.12,-63.12
7-Jun-10,12,466,2,2,2,82.8,37,2009,23,8-Jun-10,23,63.12,19.68
31-Jul-10,1,482,3,2,2,36.55,37,2010,23,31-Jul-10,23,63.12,-26.57
29-Aug-10,2,505,3,2,2,0.55,37,2010,23,30-Aug-10,23,63.12,-62.57
12-Apr-06,10,16,1,11,3,70.7,20,2005,88,14-Apr-06,24,95.04,-24.34
28-May-06,11,29,3,11,2,1.4,20,2005,88,29-May-06,24,95.04,-93.64
10-Nov-06,5,67,2,11,3,82.4,20,2006,88,10-Nov-06,24,95.04,-12.64
6-Feb-07,8,170,3,11,4,142.7,20,2006,88,6-Feb-07,24,95.04,47.66
19-Nov-07,5,157,2,11,5,6.6,20,2007,88,19-Nov-07,24,95.04,-88.44
8-Jan-08,7,197,3,11,3,187.2,20,2007,88,8-Jan-08,24,95.04,92.16
25-Jan-08,7,210,3,11,3,174.2,20,2007,88,25-Jan-08,24,95.04,79.16
5-Mar-08,9,249,2,11,4,256.5,20,2007,88,5-Mar-08,24,95.04,161.46
11-Mar-09,9,364,3,11,2,165.8,20,2008,95,11-Mar-09,24,95.04,70.76
1-Apr-09,10,387,3,11,3,52.1,20,2008,95,1-Apr-09,24,95.04,-42.94
26-Apr-09,10,398,2,11,3,0.6,20,2008,95,27-Apr-09,24,95.04,-94.44
17-Nov-09,5,428,3,11,3,58.8,20,2009,95,17-Nov-09,24,95.04,-36.24
29-Jul-10,1,491,2,10,2,36.55,55,2010,95,30-Jul-10,24,95.04,-58.49
26-Mar-06,9,6,1,15,2,201.8,25,2005,149,27-Mar-06,25,84.26,117.54
6-Aug-06,2,36,2,15,3,0.6,25,2006,149,7-Aug-06,25,84.26,-83.66
15-Sep-06,3,54,1,15,2,0.1,25,2006,149,16-Sep-06,25,84.26,-84.16
1-Nov-06,5,66,3,15,2,82.4,25,2006,149,2-Nov-06,25,84.26,-1.86
31-Jan-07,7,165,3,15,2,136.4,25,2006,149,31-Jan-07,25,84.26,52.14
11-Apr-06,10,8,3,16,3,66.8,22,2005,26,12-Apr-06,26,52.85,13.95
3-Aug-06,2,39,1,18,3,0.6,21,2006,26,5-Aug-06,26,52.85,-52.25
18-Sep-06,3,53,1,18,3,0.1,21,2006,26,19-Sep-06,26,52.85,-52.75
4-Feb-07,8,174,4,18,2,143.9,21,2006,26,4-Feb-07,26,52.85,91.05
7-Jan-06,7,77,1,17,2,273.81,19,2005,150,21-Jan-06,27,104.26,169.55
18-Dec-08,6,308,3,17,3,76.5,19,2008,155,18-Dec-08,27,104.26,-27.76
30-Mar-06,9,7,2,17,3,122.4,19,2005,156,31-Mar-06,27,104.26,18.14
4-Jul-06,1,94,2,17,3,0.6,19,2006,156,18-Jul-06,27,104.26,-103.66
22-Dec-06,6,161,3,17,5,89.2,19,2006,156,23-Dec-06,27,104.26,-15.06
17-Sep-07,3,136,2,17,3,0,19,2007,156,17-Sep-07,27,104.26,-104.26
15-Oct-07,4,148,2,17,3,0,19,2007,156,15-Oct-07,27,104.26,-104.26
21-Nov-07,5,154,1,17,3,6.6,19,2007,156,22-Nov-07,27,104.26,-97.66
29-Dec-07,6,188,3,17,3,204.1,19,2007,156,29-Dec-07,27,104.26,99.84
18-Feb-08,8,224,4,17,2,290.4,19,2007,156,18-Feb-08,27,104.26,186.14
14-Mar-08,9,260,3,17,2,93,19,2007,156,14-Mar-08,27,104.26,-11.26
9-Apr-08,10,294,3,17,2,86.3,19,2007,156,10-Apr-08,27,104.26,-17.96
4-Mar-09,9,355,4,17,3,260.4,19,2008,169,4-Mar-09,27,104.26,156.14
1-Dec-09,6,432,3,17,2,60.6,19,2009,169,1-Dec-09,27,104.26,-43.66
26-Aug-09,3,421,2,17,3,0,19,2009,170,1-Sep-09,27,104.26,-104.26
12-Jan-06,7,78,3,13,2,387.31,24,2005,90,26-Jan-06,28,188.35,198.96
10-Aug-06,2,95,3,13,5,0.6,24,2006,90,13-Aug-06,28,188.35,-187.75
10-Feb-07,8,168,3,13,4,154.8,24,2006,90,10-Feb-07,28,188.35,-33.55
29-Sep-07,4,150,2,13,6,0,24,2007,90,2-Oct-07,28,188.35,-188.35
16-Dec-07,6,160,2,13,3,46.1,24,2007,90,17-Dec-07,28,188.35,-142.25
9-Jan-08,7,199,2,13,2,217.6,24,2007,90,9-Jan-08,28,188.35,29.25
21-Jan-08,7,208,3,13,2,241.4,24,2007,90,21-Jan-08,28,188.35,53.05
24-Feb-08,8,236,3,13,2,297.3,24,2007,90,24-Feb-08,28,188.35,108.95
26-Mar-08,9,271,2,13,2,79.5,24,2007,90,26-Mar-08,28,188.35,-108.85
18-Feb-09,8,365,4,13,2,458.9,24,2008,98,19-Feb-09,28,188.35,270.55
17-Apr-06,10,23,2,11,2,41.5,17,2005,76,18-Apr-06,29,128.28,-86.78
31-Oct-06,4,60,3,11,2,80.5,17,2006,76,31-Oct-06,29,128.28,-47.78
21-Feb-08,8,233,4,11,2,290.9,17,2007,76,21-Feb-08,29,128.28,162.62
17-Mar-08,9,272,3,11,2,100.2,17,2007,76,18-Mar-08,29,128.28,-28.08
26-Feb-06,9,83,1,15,2,141,18,2005,9,1-Mar-06,30,71.2,69.8
28-May-06,11,31,1,15,2,1.4,18,2005,9,29-May-06,30,71.2,-69.8
12-Apr-06,10,17,2,18,2,61.7,21,2005,166,13-Apr-06,31,61.7,0
11-Feb-09,8,436,2,7,3,364.5,41,2008,49,25-Feb-09,32,153.57,210.93
26-Mar-06,10,87,1,7,2,75.6,41,2005,146,9-Apr-06,32,153.57,-77.97
5-Oct-06,4,98,2,7,3,0.1,41,2006,146,8-Oct-06,32,153.57,-153.47
4-Apr-07,10,111,3,7,5,291.8,41,2006,146,5-Apr-07,32,153.57,138.23
8-Mar-08,9,269,3,7,2,93,41,2007,146,14-Mar-08,32,153.57,-60.57
25-Mar-08,9,315,1,7,2,96.4,41,2007,146,30-Mar-08,32,153.57,-57.17
29-Apr-06,10,10,1,17,2,38.1,15,2005,3,29-Apr-06,33,133.1,-95
3-Jun-06,12,26,2,17,2,0,15,2005,3,3-Jun-06,33,133.1,-133.1
31-Aug-06,3,46,2,17,2,0,15,2006,3,2-Sep-06,33,133.1,-133.1
18-Dec-08,6,312,3,13,2,69.8,13,2008,114,22-Dec-08,33,133.1,-63.3
5-Apr-07,10,192,1,13,3,291.8,13,2006,118,6-Apr-07,33,133.1,158.7
2-Dec-07,6,153,2,13,2,21.8,13,2007,118,2-Dec-07,33,133.1,-111.3
16-Dec-07,6,159,2,13,2,40.6,13,2007,118,16-Dec-07,33,133.1,-92.5
21-Jan-08,7,219,3,13,2,169.1,13,2007,118,22-Jan-08,33,133.1,36
21-Mar-08,9,279,3,13,2,103.8,13,2007,118,22-Mar-08,33,133.1,-29.3
7-Jan-09,7,325,1,13,2,241.7,13,2008,130,7-Jan-09,33,133.1,108.6
18-Feb-09,8,332,3,13,2,487.4,13,2008,130,18-Feb-09,33,133.1,354.3
6-Apr-06,10,85,1,18,2,75.6,9,2005,6,9-Apr-06,34,39.55,36.05
14-Sep-07,3,137,2,16,2,0,22,2007,12,15-Sep-07,34,39.55,-39.55
17-Sep-06,3,44,3,7,2,0.1,23,2006,173,17-Sep-06,34,39.55,-39.45
4-Nov-06,5,61,3,7,2,82.4,23,2006,173,4-Nov-06,34,39.55,42.85
2-Mar-10,9,460,3,2,2,69.8,37,2009,24,4-Mar-10,35,69.8,0
19-Mar-06,9,5,2,11,2,198.4,7,2005,110,24-Mar-06,36,133.34,65.06
13-Aug-06,2,40,1,11,3,0,7,2006,110,14-Aug-06,36,133.34,-133.34
6-Oct-06,4,55,3,11,3,0.1,7,2006,110,7-Oct-06,36,133.34,-133.24
1-Jan-07,7,74,3,11,2,140.4,7,2006,110,1-Jan-07,36,133.34,7.06
4-Feb-07,8,181,3,11,2,143.9,7,2006,110,5-Feb-07,36,133.34,10.56
23-Jun-07,12,124,3,11,2,63.2,7,2006,110,26-Jun-07,36,133.34,-70.14
9-Sep-07,3,134,3,11,2,0,7,2007,110,9-Sep-07,36,133.34,-133.34
3-Jan-08,7,186,3,11,2,194.6,7,2007,110,3-Jan-08,36,133.34,61.26
31-Jan-08,7,212,3,11,2,187.2,7,2007,110,31-Jan-08,36,133.34,53.86
22-Feb-08,8,232,4,11,2,295.8,7,2007,110,22-Feb-08,36,133.34,162.46
24-Mar-08,9,266,3,11,2,96.3,7,2007,110,24-Mar-08,36,133.34,-37.04
17-Dec-08,6,305,3,11,3,80.8,7,2008,115,17-Dec-08,36,133.34,-52.54
12-Feb-09,8,336,4,11,2,466,7,2008,131,12-Feb-09,36,133.34,332.66
22-Aug-09,2,408,2,11,5,0,7,2009,131,22-Aug-09,36,133.34,-133.34
29-Apr-06,11,91,2,3,4,21,36,2005,109,2-May-06,37,71.94,-50.94
7-Aug-06,2,38,2,3,6,0.6,36,2006,109,9-Aug-06,37,71.94,-71.34
25-Sep-06,3,48,3,3,5,0.1,36,2006,109,25-Sep-06,37,71.94,-71.84
23-Oct-06,4,56,3,3,5,13.3,36,2006,109,23-Oct-06,37,71.94,-58.64
29-Jan-07,7,164,3,3,5,136,36,2006,109,29-Jan-07,37,71.94,64.06
28-Jun-07,12,125,2,3,6,63.2,36,2006,109,30-Jun-07,37,71.94,-8.74
14-Jul-07,1,129,3,3,6,63.2,36,2007,109,15-Jul-07,37,71.94,-8.74
24-Jan-08,7,211,3,3,6,174.2,36,2007,109,25-Jan-08,37,71.94,102.26
9-Mar-08,9,250,3,3,5,217.1,36,2007,109,9-Mar-08,37,71.94,145.16
1-Apr-08,10,288,2,3,6,90.8,36,2007,109,3-Apr-08,37,71.94,18.86
21-Apr-08,10,299,3,3,6,42.4,36,2007,109,22-Apr-08,37,71.94,-29.54
6-Mar-09,9,358,4,3,4,186.9,36,2008,126,6-Mar-09,37,71.94,114.96
7-Apr-09,10,385,2,3,4,7.4,36,2008,126,7-Apr-09,37,71.94,-64.54
6-Jul-09,1,403,2,3,3,0,36,2009,126,7-Jul-09,37,71.94,-71.94
2-Feb-10,8,452,3,3,3,154.5,36,2009,126,3-Feb-10,37,71.94,82.56
26-Jul-10,1,475,3,3,3,36.55,36,2010,126,26-Jul-10,37,71.94,-35.39
15-Sep-10,3,511,2,3,3,32,36,2010,126,15-Sep-10,37,71.94,-39.94
25-Sep-10,3,518,3,3,3,55.75,36,2010,126,26-Sep-10,37,71.94,-16.19
6-Jan-08,7,184,3,16,2,173.2,27,2007,39,6-Jan-08,38,173.2,0
27-Dec-07,6,163,2,18,2,204.1,9,2007,5,27-Dec-07,39,209.12,-5.02
6-Feb-08,8,214,3,18,2,242.7,9,2007,5,6-Feb-08,39,209.12,33.58
26-Feb-08,8,264,3,18,2,332.7,9,2007,5,27-Feb-08,39,209.12,123.58
6-Oct-10,4,515,3,18,2,55.45,9,2010,21,6-Oct-10,39,209.12,-153.67
6-Nov-10,5,530,2,18,2,119.1,9,2010,21,6-Nov-10,39,209.12,-90.02
7-Dec-09,6,434,2,18,3,22.6,9,2009,48,9-Dec-09,39,209.12,-186.52
7-Jan-09,7,323,3,18,2,241.7,9,2008,60,7-Jan-09,39,209.12,32.58
9-Feb-09,8,330,2,18,3,454.6,9,2008,60,9-Feb-09,39,209.12,245.48
26-Aug-07,2,135,2,17,2,0,15,2007,4,26-Aug-07,40,144.88,-144.88
5-Nov-07,5,156,3,17,2,6.6,15,2007,4,14-Nov-07,40,144.88,-138.28
9-Dec-07,6,158,3,17,2,36.6,15,2007,4,9-Dec-07,40,144.88,-108.28
31-Mar-08,10,283,3,17,4,90.8,15,2007,4,1-Apr-08,40,144.88,-54.08
4-Jan-09,7,313,3,16,2,237.7,27,2008,40,6-Jan-09,40,144.88,92.82
16-Feb-09,8,337,3,16,2,497.6,27,2008,47,16-Feb-09,40,144.88,352.72
22-Apr-07,10,114,2,10,3,213.6,4,2006,77,23-Apr-07,41,138.15,75.45
7-May-07,11,121,2,10,3,0,4,2006,77,8-May-07,41,138.15,-138.15
14-Sep-07,3,140,2,10,3,0,4,2007,77,14-Sep-07,41,138.15,-138.15
14-Oct-07,4,149,2,10,3,0,4,2007,77,14-Oct-07,41,138.15,-138.15
9-Jan-08,7,196,3,10,2,217.6,4,2007,77,9-Jan-08,41,138.15,79.45
19-Feb-08,8,228,3,10,2,290.4,4,2007,77,19-Feb-08,41,138.15,152.25
29-Feb-08,8,243,3,10,2,330.7,4,2007,77,29-Feb-08,41,138.15,192.55
6-Jan-09,7,329,3,10,2,241.7,4,2008,82,7-Jan-09,41,138.15,103.55
22-Feb-09,8,333,4,10,2,442.2,4,2008,82,22-Feb-09,41,138.15,304.05
2-Jul-09,1,401,2,10,2,2.4,4,2009,82,3-Jul-09,41,138.15,-135.75
18-Aug-09,2,416,2,10,2,0,4,2009,82,21-Aug-09,41,138.15,-138.15
16-Nov-09,5,430,3,10,2,64.6,4,2009,82,16-Nov-09,41,138.15,-73.55
7-Mar-10,9,464,3,10,2,68.7,4,2009,82,9-Mar-10,41,138.15,-69.45
7-Jun-10,12,537,2,10,2,82.8,4,2009,82,14-Jun-10,41,138.15,-55.35
8-Nov-10,5,529,3,10,4,117.6,4,2010,82,8-Nov-10,41,138.15,-20.55
3-Feb-08,8,314,1,7,2,272.4,45,2007,86,17-Feb-08,42,136.2,136.2
22-Jul-08,1,318,1,7,3,0,45,2008,86,22-Jul-08,42,136.2,-136.2
26-Mar-09,9,380,3,2,2,80.3,50,2008,72,26-Mar-09,43,80.3,0
22-Feb-08,8,226,1,15,4,295.8,25,2007,151,22-Feb-08,44,276.15,19.65
5-Mar-08,9,246,3,15,4,256.5,25,2007,151,5-Mar-08,44,276.15,-19.65
11-Apr-06,10,20,3,13,4,66.8,32,2005,116,12-Apr-06,45,72.97,-6.17
3-Oct-06,4,57,3,13,7,0.1,32,2006,116,3-Oct-06,45,72.97,-72.87
8-Feb-07,8,190,3,13,7,152,32,2006,116,9-Feb-07,45,72.97,79.03
21-Dec-08,6,309,3,18,4,67.8,21,2008,7,21-Dec-08,46,159.8,-92
7-Jan-09,7,321,4,18,4,241.7,21,2008,19,7-Jan-09,46,159.8,81.9
24-Feb-09,8,344,4,18,4,383.9,21,2008,19,24-Feb-09,46,159.8,224.1
22-Feb-10,8,455,3,18,3,118.45,21,2009,19,22-Feb-10,46,159.8,-41.35
10-Jul-10,1,476,2,18,2,36.55,21,2010,19,11-Jul-10,46,159.8,-123.25
21-Oct-10,4,521,3,18,3,67,21,2010,19,21-Oct-10,46,159.8,-92.8
4-Jan-08,7,189,4,18,4,188.8,21,2007,27,4-Jan-08,46,159.8,29
26-Jan-08,7,217,3,18,4,174.2,21,2007,27,26-Jan-08,46,159.8,14.4
20-Sep-07,3,139,3,6,3,0,6,2007,164,20-Sep-07,47,112.87,-112.87
15-Feb-08,8,239,1,6,2,272.4,6,2007,164,17-Feb-08,47,112.87,159.53
22-Mar-08,9,275,3,6,2,97.8,6,2007,164,23-Mar-08,47,112.87,-15.07
1-Mar-09,9,349,4,6,3,292.1,6,2008,167,1-Mar-09,47,112.87,179.23
2-Apr-09,10,386,3,6,3,14.9,6,2008,167,2-Apr-09,47,112.87,-97.97
10-Sep-09,3,419,2,6,3,0,6,2009,167,10-Sep-09,47,112.87,-112.87
26-Apr-06,11,90,2,2,2,19.6,42,2005,8,1-May-06,48,89.58,-69.98
6-Apr-07,10,107,1,2,3,287.7,42,2006,31,10-Apr-07,48,89.58,198.12
29-Apr-07,10,117,1,2,3,51,42,2006,31,29-Apr-07,48,89.58,-38.58
6-Aug-07,2,128,3,2,3,0,42,2007,31,6-Aug-07,48,89.58,-89.58
14-Mar-08,9,261,4,2,3,93,42,2007,30,14-Mar-08,49,58.5,34.5
4-Apr-08,10,281,3,2,3,90.8,42,2007,30,4-Apr-08,49,58.5,32.3
18-Apr-08,10,295,2,2,3,50.2,42,2007,30,19-Apr-08,49,58.5,-8.3
6-May-08,11,302,3,2,3,0,42,2007,30,6-May-08,49,58.5,-58.5
10-Mar-09,9,367,4,4,2,169,38,2008,73,10-Mar-09,50,76.79,92.21
7-Apr-09,10,389,3,4,2,7.4,38,2008,73,7-Apr-09,50,76.79,-69.39
16-May-06,11,27,2,4,2,1.4,38,2005,122,17-May-06,50,76.79,-75.39
29-Oct-06,4,65,2,4,2,54.4,38,2006,122,30-Oct-06,50,76.79,-22.39
18-Feb-07,8,178,3,4,3,26.7,38,2006,122,18-Feb-07,50,76.79,-50.09
9-Apr-07,10,106,1,4,3,290.8,38,2006,122,9-Apr-07,50,76.79,214.01
28-Aug-07,2,131,2,4,4,0,38,2007,122,28-Aug-07,50,76.79,-76.79
26-Sep-07,3,143,2,4,4,0,38,2007,122,27-Sep-07,50,76.79,-76.79
17-Feb-08,8,234,2,4,2,290.4,38,2007,122,18-Feb-08,50,76.79,213.61
10-Mar-08,9,252,3,4,2,119.8,38,2007,122,10-Mar-08,50,76.79,43.01
3-Apr-08,10,286,3,4,2,90.8,38,2007,122,4-Apr-08,50,76.79,14.01
20-Aug-09,2,415,2,6,2,0,35,2009,138,21-Aug-09,50,76.79,-76.79
7-Mar-10,9,459,3,6,2,68.7,35,2009,138,7-Mar-10,50,76.79,-8.09
20-Mar-10,9,536,2,6,2,72.15,35,2009,138,23-Mar-10,50,76.79,-4.64
29-Jul-10,2,494,3,6,4,36.7,35,2010,138,4-Aug-10,50,76.79,-40.09
4-Sep-10,3,504,2,6,4,0.4,35,2010,138,6-Sep-10,50,76.79,-76.39
15-Nov-07,5,152,2,7,2,6.6,23,2007,34,15-Nov-07,51,205.87,-199.27
10-Jan-08,7,179,2,7,2,215.5,23,2007,34,11-Jan-08,51,205.87,9.63
6-Feb-08,8,213,3,7,2,242.7,23,2007,34,7-Feb-08,51,205.87,36.83
11-Jan-09,7,307,3,7,2,203.9,23,2008,37,13-Jan-09,51,205.87,-1.97
20-Feb-09,8,343,4,7,2,454.9,23,2008,46,20-Feb-09,51,205.87,249.03
20-Mar-09,9,375,4,7,2,111.6,23,2008,46,20-Mar-09,51,205.87,-94.27
4-Jan-09,7,326,3,15,3,238.2,3,2008,64,5-Jan-09,52,115.23,122.97
28-Feb-09,8,345,2,15,2,346.8,3,2008,64,28-Feb-09,52,115.23,231.57
2-Dec-09,6,433,2,15,3,59.3,3,2009,71,4-Dec-09,52,115.23,-55.93
9-Feb-10,8,444,3,15,3,154.4,3,2009,71,9-Feb-10,52,115.23,39.17
1-Aug-10,2,483,3,15,3,36.55,3,2010,71,1-Aug-10,52,115.23,-78.68
27-Aug-10,2,502,2,15,2,0.25,3,2010,71,27-Aug-10,52,115.23,-114.98
21-Sep-10,3,509,2,15,2,55.75,3,2010,71,21-Sep-10,52,115.23,-59.48
20-Oct-10,4,522,2,15,2,67,3,2010,71,22-Oct-10,52,115.23,-48.23
28-Mar-08,9,268,3,9,3,78.8,31,2007,159,28-Mar-08,52,115.23,-36.43
29-Jul-10,1,488,3,4,2,36.55,16,2010,17,30-Jul-10,53,141.47,-104.92
2-Nov-10,5,526,3,4,3,121.1,16,2010,17,2-Nov-10,53,141.47,-20.37
24-Feb-09,8,339,1,4,2,383.9,16,2008,18,24-Feb-09,53,141.47,242.43
11-Mar-09,9,363,3,4,2,165.8,16,2008,18,11-Mar-09,53,141.47,24.33
4-Sep-09,3,413,2,4,2,0,16,2009,18,4-Sep-09,53,141.47,-141.47
22-Feb-09,8,341,3,15,2,418.3,2,2008,106,23-Feb-09,54,418.3,0
11-Mar-08,9,251,3,2,2,93,60,2007,52,11-Mar-08,55,116.1,-23.1
14-Apr-08,10,287,3,2,2,86.3,60,2007,52,14-Apr-08,55,116.1,-29.8
10-Mar-09,9,356,2,2,2,169,60,2008,68,10-Mar-09,55,116.1,52.9
12-Dec-08,6,306,3,4,5,80.7,56,2008,53,13-Dec-08,56,138.23,-57.53
25-Jan-08,7,209,1,4,3,174.2,56,2007,54,26-Jan-08,56,138.23,35.97
7-Feb-08,8,221,4,4,3,242.7,56,2007,54,7-Feb-08,56,138.23,104.47
26-Feb-08,8,235,3,4,3,332.7,56,2007,54,26-Feb-08,56,138.23,194.47
12-Apr-08,10,289,3,4,4,86.3,56,2007,54,12-Apr-08,56,138.23,-51.93
17-Feb-09,8,353,4,4,3,487.4,56,2008,59,18-Feb-09,56,138.23,349.17
21-Aug-09,2,418,3,4,4,0,56,2009,59,22-Aug-09,56,138.23,-138.23
19-Jan-10,7,442,1,4,6,88.1,56,2009,59,22-Jan-10,56,138.23,-50.13
8-Feb-10,8,450,4,4,4,154.2,56,2009,59,8-Feb-10,56,138.23,15.97
2-Jun-10,12,465,3,4,4,82.8,56,2009,59,2-Jun-10,56,138.23,-55.43
5-Jul-10,1,470,3,4,4,0,56,2010,59,5-Jul-10,56,138.23,-138.23
10-Sep-10,3,513,4,4,3,26.5,56,2010,59,11-Sep-10,56,138.23,-111.73
12-Oct-10,4,519,3,4,3,41.45,56,2010,59,13-Oct-10,56,138.23,-96.78
8-Apr-07,10,115,2,4,2,290.8,39,2006,145,9-Apr-07,57,209.27,81.53
18-Jul-07,1,127,2,4,2,8,39,2007,145,21-Jul-07,57,209.27,-201.27
27-Feb-08,9,274,1,4,2,329,39,2007,161,2-Mar-08,57,209.27,119.73
26-Mar-06,10,86,1,7,2,75.6,45,2005,148,9-Apr-06,58,75.6,0
12-Apr-08,10,301,1,2,2,59,61,2007,16,18-Apr-08,59,24,35
18-Jun-09,1,439,1,1,4,2.4,47,2009,103,2-Jul-09,59,24,-21.6
16-Jun-10,12,472,3,1,2,10.6,47,2009,103,22-Jun-10,59,24,-13.4
3-Apr-07,10,193,3,1,3,291.8,47,2006,108,6-Apr-07,60,159.87,131.93
14-Mar-08,9,259,3,1,5,91.4,47,2007,108,17-Mar-08,60,159.87,-68.47
25-Mar-08,9,316,1,1,5,96.4,47,2007,108,30-Mar-08,60,159.87,-63.47
4-Jan-08,7,177,3,16,2,188.8,22,2007,11,4-Jan-08,61,186.98,1.82
26-Jan-08,7,207,3,16,2,174.2,22,2007,11,26-Jan-08,61,186.98,-12.78
21-Feb-08,8,229,3,16,2,290.9,22,2007,11,21-Feb-08,61,186.98,103.92
5-Mar-08,9,254,3,16,2,256.5,22,2007,11,5-Mar-08,61,186.98,69.52
28-Feb-09,8,347,4,11,2,346.8,58,2008,81,28-Feb-09,61,186.98,159.82
29-Oct-09,4,425,3,7,2,15.1,23,2009,96,29-Oct-09,61,186.98,-171.88
17-Jul-10,1,473,1,7,2,36.55,23,2010,96,18-Jul-10,61,186.98,-150.43
3-Apr-08,10,297,3,5,2,90.8,30,2007,87,4-Apr-08,62,90.8,0
29-Feb-08,9,255,3,11,2,329,58,2007,142,1-Mar-08,63,329,0
28-Dec-08,6,310,3,12,3,210.9,52,2008,55,31-Dec-08,64,162.44,48.46
11-Jan-08,7,202,3,12,2,215.5,52,2007,56,11-Jan-08,64,162.44,53.06
6-Feb-08,8,215,1,12,2,242.7,52,2007,56,6-Feb-08,64,162.44,80.26
28-Feb-08,8,241,4,12,2,330.7,52,2007,56,29-Feb-08,64,162.44,168.26
24-Feb-09,8,360,4,12,2,364.5,52,2008,63,25-Feb-09,64,162.44,202.06
23-Nov-09,5,429,3,12,5,60.6,52,2009,63,24-Nov-09,64,162.44,-101.84
5-Jul-10,1,478,3,12,5,36.55,52,2010,63,10-Jul-10,64,162.44,-125.89
4-Aug-10,2,500,3,12,4,0.15,52,2010,63,10-Aug-10,64,162.44,-162.29
2-Sep-10,3,507,3,12,4,0.4,52,2010,63,3-Sep-10,64,162.44,-162.04
7-Jan-08,7,182,3,12,2,187.2,54,2007,120,7-Jan-08,65,128.24,58.96
9-Jan-09,7,319,3,12,2,222,54,2008,134,9-Jan-09,65,128.24,93.76
13-Mar-09,9,384,3,12,3,154.4,54,2008,134,14-Mar-09,65,128.24,26.16
27-Oct-09,4,424,2,12,3,15.1,54,2009,134,27-Oct-09,65,128.24,-113.14
6-Feb-10,8,454,3,12,3,154.2,54,2009,134,7-Feb-10,65,128.24,25.96
1-Aug-10,2,481,2,12,3,36.55,54,2010,134,1-Aug-10,65,128.24,-91.69
28-Jan-07,7,183,3,4,3,136,28,2006,101,29-Jan-07,66,169.93,-33.93
28-Aug-07,2,133,3,4,4,0,28,2007,101,28-Aug-07,66,169.93,-169.93
31-Dec-07,6,200,4,4,3,191.6,28,2007,101,1-Jan-08,66,169.93,21.67
9-Feb-08,8,220,3,4,3,352.1,28,2007,101,9-Feb-08,66,169.93,182.17
25-Feb-09,8,348,3,15,2,364.5,18,2008,171,25-Feb-09,67,161.41,203.09
9-Mar-09,9,362,4,15,2,177.6,18,2008,171,9-Mar-09,67,161.41,16.19
26-Jul-10,1,495,2,15,3,36.55,18,2010,171,27-Jul-10,67,161.41,-124.86
21-Oct-10,4,531,2,15,2,67,18,2010,171,22-Oct-10,67,161.41,-94.41
11-Dec-08,6,311,3,16,2,80.8,22,2008,10,16-Dec-08,68,159.69,-78.89
8-Jan-09,7,320,3,16,2,222.8,22,2008,20,8-Jan-09,68,159.69,63.11
8-Feb-09,8,331,3,16,2,451.4,22,2008,20,8-Feb-09,68,159.69,291.71
3-Mar-09,9,352,4,16,2,260.4,22,2008,20,3-Mar-09,68,159.69,100.71
6-Apr-09,10,388,2,16,2,7.4,22,2008,20,6-Apr-09,68,159.69,-152.29
12-Feb-10,8,451,2,16,2,124.15,22,2009,20,12-Feb-10,68,159.69,-35.54
6-Aug-10,2,484,2,16,2,19.8,22,2010,113,6-Aug-10,68,159.69,-139.89
27-Oct-10,4,532,3,16,2,110.8,22,2010,113,28-Oct-10,68,159.69,-48.89
24-Jan-08,7,218,3,2,2,174.2,49,2007,158,27-Jan-08,69,203.98,-29.78
19-Feb-08,8,227,2,2,2,290.4,49,2007,158,19-Feb-08,69,203.98,86.42
5-Mar-08,9,247,1,2,2,260.5,49,2007,158,7-Mar-08,69,203.98,56.52
5-Apr-08,10,280,3,2,2,90.8,49,2007,158,5-Apr-08,69,203.98,-113.18
3-Mar-08,9,258,3,4,2,292.2,44,2007,75,4-Mar-08,70,99,193.2
4-Apr-08,10,290,3,4,2,90.8,44,2007,75,5-Apr-08,70,99,-8.2
3-Jul-09,1,406,2,4,2,2.4,44,2009,144,4-Jul-09,70,99,-96.6
17-Jun-10,12,471,2,4,2,10.6,40,2009,165,23-Jun-10,70,99,-88.4
25-Feb-09,8,346,3,9,2,364.5,31,2008,25,25-Feb-09,71,148.37,216.13
8-Mar-09,9,361,4,9,2,180.2,31,2008,25,8-Mar-09,71,148.37,31.83
26-Mar-09,9,397,3,9,2,80.3,31,2008,25,27-Mar-09,71,148.37,-68.07
28-Dec-09,6,435,1,9,3,57.4,31,2009,25,28-Dec-09,71,148.37,-90.97
4-Feb-10,8,445,3,9,3,154.5,31,2009,25,5-Feb-10,71,148.37,6.13
12-Feb-08,8,231,1,12,2,314.5,59,2007,28,13-Feb-08,71,148.37,166.13
12-Mar-08,9,256,3,12,2,93,59,2007,28,12-Mar-08,71,148.37,-55.37
4-Apr-08,10,291,3,12,2,90.8,59,2007,28,5-Apr-08,71,148.37,-57.57
10-Aug-10,2,499,3,9,2,0.15,31,2010,139,10-Aug-10,71,148.37,-148.22
13-Aug-10,2,538,1,7,2,0.25,45,2010,93,27-Aug-10,72,0.25,0
11-Mar-08,9,273,4,4,2,91.4,40,2007,91,17-Mar-08,73,186.2,-94.8
6-Apr-08,10,300,3,4,2,86.8,40,2007,91,7-Apr-08,73,186.2,-99.4
17-Jan-09,7,438,1,4,2,380.4,40,2008,99,31-Jan-09,73,186.2,194.2
23-Jul-07,1,130,3,4,2,0,40,2007,13,24-Jul-07,74,55.77,-55.77
12-Mar-09,9,376,3,13,2,154.4,32,2008,58,13-Mar-09,74,55.77,98.63
19-Aug-09,2,411,3,13,2,0,32,2009,58,21-Aug-09,74,55.77,-55.77
3-Mar-10,9,463,3,13,2,68.7,32,2009,58,5-Mar-10,74,55.77,12.93
21-Sep-10,3,508,3,13,2,55.75,32,2010,58,21-Sep-10,74,55.77,-0.02
4-Apr-08,10,298,3,7,2,90.8,46,2007,38,5-Apr-08,75,45.48,45.32
11-Aug-10,2,486,3,7,2,0.15,46,2010,80,12-Aug-10,75,45.48,-45.33
19-Jul-10,1,489,2,13,2,36.55,14,2010,62,20-Jul-10,76,116.8,-80.25
9-Sep-10,3,506,3,13,2,26.5,14,2010,62,11-Sep-10,76,116.8,-90.3
8-Oct-10,4,520,2,13,2,32.85,14,2010,62,9-Oct-10,76,116.8,-83.95
17-Nov-10,5,534,3,13,2,54.1,14,2010,62,18-Nov-10,76,116.8,-62.7
25-Feb-09,8,335,1,11,2,364.5,17,2008,84,25-Feb-09,76,116.8,247.7
6-Mar-09,9,383,3,11,2,186.3,17,2008,84,7-Mar-09,76,116.8,69.5
5-Mar-08,9,244,3,6,2,256.5,53,2007,35,5-Mar-08,77,171.7,84.8
21-Mar-08,9,278,3,6,2,103.8,53,2007,35,22-Mar-08,77,171.7,-67.9
14-Feb-09,8,354,3,6,2,479.1,53,2008,45,15-Feb-09,77,171.7,307.4
6-Aug-09,2,414,2,6,2,0,53,2009,45,7-Aug-09,77,171.7,-171.7
8-Feb-10,8,448,3,6,3,154.2,53,2009,85,8-Feb-10,77,171.7,-17.5
14-Jul-10,1,480,2,6,3,36.55,53,2010,85,14-Jul-10,77,171.7,-135.15
21-Mar-09,9,374,3,13,2,110.1,13,2008,129,21-Mar-09,78,64.2,45.9
13-Dec-09,6,431,1,13,2,17.9,13,2009,129,13-Dec-09,78,64.2,-46.3
28-Dec-09,6,441,3,13,2,57.4,13,2009,129,29-Dec-09,78,64.2,-6.8
7-Mar-10,9,461,3,13,2,68.7,13,2009,129,7-Mar-10,78,64.2,4.5
18-Oct-10,4,516,3,13,4,67,13,2010,129,19-Oct-10,78,64.2,2.8
15-Mar-09,9,368,3,2,2,154.3,42,2008,70,15-Mar-09,79,56.4,97.9
1-Apr-09,10,392,3,2,2,14.9,42,2008,70,2-Apr-09,79,56.4,-41.5
10-Aug-09,2,412,3,2,2,0,42,2009,70,11-Aug-09,79,56.4,-56.4
28-Feb-09,8,340,3,8,2,346.8,5,2008,136,28-Feb-09,80,73.46,273.34
11-Apr-09,10,382,2,8,2,3,5,2008,136,15-Apr-09,80,73.46,-70.46
29-Jun-09,12,402,3,8,2,2.4,5,2008,136,29-Jun-09,80,73.46,-71.06
31-Jul-09,2,407,2,8,2,0,5,2009,136,1-Aug-09,80,73.46,-73.46
31-Aug-09,3,420,2,8,2,0,5,2009,136,1-Sep-09,80,73.46,-73.46
11-Feb-10,8,449,3,8,3,125.45,5,2009,136,11-Feb-10,80,73.46,51.99
19-Jul-10,1,477,3,8,3,36.55,5,2010,136,19-Jul-10,80,73.46,-36.91
23-Dec-09,6,440,3,11,3,57.4,7,2009,133,28-Dec-09,81,57.4,0
15-Feb-10,8,457,3,15,2,135.85,8,2009,135,16-Feb-10,82,95.8,40.05
25-Sep-10,3,512,2,15,3,55.75,8,2010,135,25-Sep-10,82,95.8,-40.05
5-Aug-10,2,479,2,6,2,36.7,6,2010,143,5-Aug-10,83,36.7,0
31-Mar-09,9,390,4,2,2,54.7,48,2008,50,31-Mar-09,84,54.63,0.07
7-Mar-10,9,458,3,5,3,68.7,34,2009,65,7-Mar-10,84,54.63,14.07
3-Aug-10,2,485,3,5,2,36.55,34,2010,104,3-Aug-10,84,54.63,-18.08
20-Sep-10,3,510,3,5,2,55.75,34,2010,104,20-Sep-10,84,54.63,1.12
7-Oct-10,4,517,3,5,2,57.45,34,2010,104,7-Oct-10,84,54.63,2.82
17-Jan-09,7,324,3,13,5,222,12,2008,172,18-Jan-09,85,100.08,121.92
8-Mar-09,9,372,3,13,5,177.6,12,2008,172,9-Mar-09,85,100.08,77.52
22-Mar-09,9,377,3,13,4,110.1,12,2008,172,22-Mar-09,85,100.08,10.02
12-Sep-09,3,423,2,13,4,0,12,2009,172,12-Sep-09,85,100.08,-100.08
4-Aug-10,2,493,3,13,6,36.7,12,2010,172,5-Aug-10,85,100.08,-63.38
19-Nov-10,5,535,1,13,8,54.1,12,2010,172,20-Nov-10,85,100.08,-45.98
6-Nov-10,5,527,2,11,2,119.1,57,2010,44,6-Nov-10,86,119.1,0
18-Mar-09,9,391,1,4,3,111.6,28,2008,105,19-Mar-09,87,74.15,37.45
5-Aug-10,2,474,2,4,2,36.7,28,2010,105,5-Aug-10,87,74.15,-37.45
17-Mar-09,9,370,4,2,2,109.2,51,2008,83,18-Mar-09,88,47.02,62.18
12-Apr-09,10,396,3,2,2,7.4,51,2008,83,14-Apr-09,88,47.02,-39.62
3-May-09,11,400,2,2,2,0,51,2008,83,4-May-09,88,47.02,-47.02
14-Aug-09,2,417,2,2,2,0,51,2009,83,20-Aug-09,88,47.02,-47.02
23-Feb-10,8,456,3,2,2,118.5,51,2009,83,25-Feb-10,88,47.02,71.48
11-Nov-10,5,533,3,7,2,116.5,23,2010,97,11-Nov-10,89,116.5,0
1-Mar-09,9,373,4,14,5,226.7,10,2008,94,2-Mar-09,90,127.05,99.65
5-Feb-10,8,446,3,14,4,154.2,10,2009,94,6-Feb-10,90,127.05,27.15
24-Aug-10,2,501,3,14,5,0.25,10,2010,94,24-Aug-10,90,127.05,-126.8
8-Aug-10,2,467,2,12,2,0.15,59,2010,29,8-Aug-10,91,33.88,-33.73
17-Oct-10,4,528,2,12,2,67.6,59,2010,140,24-Oct-10,91,33.88,33.72
29-Jul-10,2,490,3,2,2,36.55,42,2010,69,1-Aug-10,92,77.08,-40.53
1-Nov-10,5,523,3,2,2,117.6,42,2010,69,1-Nov-10,92,77.08,40.52
27-Aug-10,2,497,3,2,2,0.25,33,2010,128,29-Aug-10,93,0.25,0
6-Aug-10,2,468,2,11,2,19.8,7,2010,132,6-Aug-10,94,19.8,0
13-Aug-10,2,487,2,11,2,0.15,20,2010,102,13-Aug-10,95,31.22,-31.07
9-Sep-10,3,503,3,11,2,26.5,20,2010,102,10-Sep-10,95,31.22,-4.72
17-Oct-10,4,525,2,11,2,67,20,2010,102,18-Oct-10,95,31.22,35.78
3-Mar-09,9,437,3,8,2,186.9,29,2008,92,6-Mar-09,96,186.9,0
6-Feb-10,8,443,3,2,2,154.2,60,2009,67,6-Feb-10,97,112,42.2
2-Mar-10,9,462,3,2,2,69.8,60,2009,67,4-Mar-10,97,112,-42.2